<?xml version='1.0' encoding='UTF-8'?>
                   <lom
                       xmlns='http://www.imsglobal.org/xsd/imsmd_rootv1p2p1'
                       xmlns:xsi='http://www.w3.org/2001/XMLSchema-instance'
                       xmlns:F10='http://www.eedo.com/xsd/F10_SCORM_Extensions_v1p0'
                       xsi:schemaLocation='http://www.imsglobal.org/xsd/imsmd_rootv1p2p1 imsmd_rootv1p2p1.xsd
                                           http://www.eedo.com/xsd/F10_SCORM_Extensions_v1p0 F10_SCORM_Extensions_v1p0.xsd'>
					<general>
						<catalogentry>
							<catalog>URI</catalog>
							<entry>
								<langstring xml:lang='en'>devzone.eurocontrol.int_MD_IANS3135</langstring>
							</entry>
						</catalogentry>
						<title>
							<langstring xml:lang='en'>Cover</langstring>
						</title>
						<description>
							<langstring xml:lang='en'>Cover</langstring>
						</description>
						<keyword>
							<langstring xml:lang='en'>ACAS</langstring>
						</keyword>
					</general>
					<lifecycle>
						<version>
							<langstring xml:lang='en'>1.0</langstring>
						</version>
						<status>
							<source>
								<langstring xml:lang='x-none'>LOMv1.0</langstring>
							</source>
							<value>
								<langstring xml:lang='x-none'>Final</langstring>
							</value>
						</status>
					</lifecycle>
					<metametadata>
						<catalogentry>
							<catalog>URI</catalog>
							<entry>
								<langstring xml:lang='en'>devzone.eurocontrol.int_MD_IANS3135</langstring>
							</entry>
						</catalogentry>
						<metadatascheme>LOMv1.0</metadatascheme>
						<metadatascheme>SCORM_CAM_v1.3</metadatascheme>
					</metametadata>
					<technical>
						<location type='URI'>devzone.eurocontrol.int</location>
						<format>text/html</format>
					</technical>
					<rights>
						<cost>
							<source>
								<langstring xml:lang='x-none'>LOMv1.0</langstring>
							</source>
							<value>
								<langstring xml:lang='x-none'>no</langstring>
							</value>
						</cost>
						<copyrightandotherrestrictions>
							<source>
								<langstring xml:lang='x-none'>LOMv1.0</langstring>
							</source>
							<value>
								<langstring xml:lang='x-none'>no</langstring>
							</value>
						</copyrightandotherrestrictions>
					</rights>
					<classification>
						<purpose>
							<source>
								<langstring xml:lang='x-none'>LOMv1.0</langstring>
							</source>
							<value>
								<langstring xml:lang='x-none'>Educational Objective</langstring>
							</value>
						</purpose>
						<description>
							<langstring xml:lang='en'>Cover</langstring>
						</description>
						<keyword>
							<langstring xml:lang='en'>ACAS</langstring>
						</keyword>
					</classification>
                       <F10:F10Metadata />
				</lom>