<?xml version="1.0" encoding="UTF-8"?>
<manifest
    xmlns="http://www.imsproject.org/xsd/imscp_rootv1p1p2"
    xmlns:adlcp="http://www.adlnet.org/xsd/adlcp_rootv1p2"
    xmlns:xsi="http://www.w3.org/2001/XMLSchema-instance"
    identifier="CourseIANS_470"
    xsi:schemaLocation="http://www.imsproject.org/xsd/imscp_rootv1p1p2 imscp_rootv1p1p2.xsd
        http://www.adlnet.org/xsd/adlcp_rootv1p2 adlcp_rootv1p2.xsd
        http://www.imsglobal.org/xsd/imsmd_rootv1p2p1 imsmd_rootv1p2p1.xsd"
    version="1.0">
	<organizations default="IANS_470">
		<organization identifier="IANS_470">
			<title>ACAS [ATC-ACAS] v2.0 (2013)</title>
			<!-- each item represents a cluster at or below course, and each CL 0 cluster must contain an identifierref to the resource it is supposed to launch -->
			<item identifier='ItemIANS_470_1' isvisible='true'><title>ACAS [ATC-ACAS] v2.0 (2013)</title><item identifier='ItemIANS_3134_2' isvisible='true'><title>Cover</title><item identifier='ItemIANS_3135_3' isvisible='true' identifierref='SCOIANS3135'><title>Cover</title></item></item><item identifier='ItemIANS_472_4' isvisible='true'><title>ACAS</title><item identifier='ItemIANS_473_5' isvisible='true' identifierref='SCOIANS473'><title>ACAS Topic 1</title></item><item identifier='ItemIANS_2328_6' isvisible='true' identifierref='SCOIANS2328'><title>ACAS Topic 2</title></item><item identifier='ItemIANS_2329_7' isvisible='true' identifierref='SCOIANS2329'><title>ACAS Topic 3</title></item><item identifier='ItemIANS_2330_8' isvisible='true' identifierref='SCOIANS2330'><title>ACAS Topic 4</title></item><item identifier='ItemIANS_2331_9' isvisible='true' identifierref='SCOIANS2331'><title>ACAS Topic 5</title></item></item></item>
		</organization>
	</organizations>
	<resources>
		<!-- add one resource for each sco in the course -->
		<!-- add one resource for each asset used by the course, including all the code for the SCO player -->
		<resource identifier="SCOIANS2328" type="webcontent" href="SCORM_Bridge.htm?Action=Launch%26LaunchURL=SCOs/F10_RAL_Wrapper.htm?LaunchURL=IANS2328.htm%26WindowDims=height=712,width=1018%26FullScreen=%26Resolution=2" adlcp:scormtype="sco"><metadata>
						<schema>ADL SCORM</schema>
						<schemaversion>1.2</schemaversion>
	                    <adlcp:location>IANS2328.xml</adlcp:location></metadata><file href="SCOs/IANS2328.htm" /><file href="SCOs/SCOData/IANS2328.js" /><dependency identifierref="PageIANS534" /><dependency identifierref="COMMON_FILES" /></resource><resource identifier="SCOIANS2329" type="webcontent" href="SCORM_Bridge.htm?Action=Launch%26LaunchURL=SCOs/F10_RAL_Wrapper.htm?LaunchURL=IANS2329.htm%26WindowDims=height=712,width=1018%26FullScreen=%26Resolution=2" adlcp:scormtype="sco"><metadata>
						<schema>ADL SCORM</schema>
						<schemaversion>1.2</schemaversion>
	                    <adlcp:location>IANS2329.xml</adlcp:location></metadata><file href="SCOs/IANS2329.htm" /><file href="SCOs/SCOData/IANS2329.js" /><dependency identifierref="PageIANS535" /><dependency identifierref="COMMON_FILES" /></resource><resource identifier="SCOIANS2330" type="webcontent" href="SCORM_Bridge.htm?Action=Launch%26LaunchURL=SCOs/F10_RAL_Wrapper.htm?LaunchURL=IANS2330.htm%26WindowDims=height=712,width=1018%26FullScreen=%26Resolution=2" adlcp:scormtype="sco"><metadata>
						<schema>ADL SCORM</schema>
						<schemaversion>1.2</schemaversion>
	                    <adlcp:location>IANS2330.xml</adlcp:location></metadata><file href="SCOs/IANS2330.htm" /><file href="SCOs/SCOData/IANS2330.js" /><dependency identifierref="PageIANS536" /><dependency identifierref="COMMON_FILES" /></resource><resource identifier="SCOIANS2331" type="webcontent" href="SCORM_Bridge.htm?Action=Launch%26LaunchURL=SCOs/F10_RAL_Wrapper.htm?LaunchURL=IANS2331.htm%26WindowDims=height=712,width=1018%26FullScreen=%26Resolution=2" adlcp:scormtype="sco"><metadata>
						<schema>ADL SCORM</schema>
						<schemaversion>1.2</schemaversion>
	                    <adlcp:location>IANS2331.xml</adlcp:location></metadata><file href="SCOs/IANS2331.htm" /><file href="SCOs/SCOData/IANS2331.js" /><dependency identifierref="PageIANS537" /><dependency identifierref="COMMON_FILES" /></resource><resource identifier="SCOIANS3135" type="webcontent" href="SCORM_Bridge.htm?Action=Launch%26LaunchURL=SCOs/F10_RAL_Wrapper.htm?LaunchURL=IANS3135.htm%26WindowDims=height=712,width=1018%26FullScreen=%26Resolution=2" adlcp:scormtype="sco"><metadata>
						<schema>ADL SCORM</schema>
						<schemaversion>1.2</schemaversion>
	                    <adlcp:location>IANS3135.xml</adlcp:location></metadata><file href="SCOs/IANS3135.htm" /><file href="SCOs/SCOData/IANS3135.js" /><dependency identifierref="PageIANS3909" /><dependency identifierref="ObjectIANS13835" /><dependency identifierref="COMMON_FILES" /></resource><resource identifier="SCOIANS473" type="webcontent" href="SCORM_Bridge.htm?Action=Launch%26LaunchURL=SCOs/F10_RAL_Wrapper.htm?LaunchURL=IANS473.htm%26WindowDims=height=712,width=1018%26FullScreen=%26Resolution=2" adlcp:scormtype="sco"><metadata>
						<schema>ADL SCORM</schema>
						<schemaversion>1.2</schemaversion>
	                    <adlcp:location>IANS473.xml</adlcp:location></metadata><file href="SCOs/IANS473.htm" /><file href="SCOs/SCOData/IANS473.js" /><dependency identifierref="PageIANS533" /><dependency identifierref="COMMON_FILES" /></resource><resource identifier="PageIANS534" type="webcontent" adlcp:scormtype="asset">
	    								<file href="SCOs/DOCs/IANS534.htm" />
	    							</resource><resource identifier="PageIANS535" type="webcontent" adlcp:scormtype="asset">
	    								<file href="SCOs/DOCs/IANS535.htm" />
	    							</resource><resource identifier="PageIANS536" type="webcontent" adlcp:scormtype="asset">
	    								<file href="SCOs/DOCs/IANS536.htm" />
	    							</resource><resource identifier="PageIANS537" type="webcontent" adlcp:scormtype="asset">
	    								<file href="SCOs/DOCs/IANS537.htm" />
	    							</resource><resource identifier="PageIANS3909" type="webcontent" adlcp:scormtype="asset">
	    								<file href="SCOs/DOCs/IANS3909.htm" />
	    							</resource><resource identifier="ObjectIANS13835" type="webcontent" adlcp:scormtype="asset">
	    								<file href="SCOs/DOCs/ObjectFiles/225287001401096594.jpg" />
	    							</resource><resource identifier="PageIANS533" type="webcontent" adlcp:scormtype="asset">
	    								<file href="SCOs/DOCs/IANS533.htm" />
	    							</resource>
<resource identifier="COMMON_FILES" type="webcontent" adlcp:scormtype="asset">
<file href="adlcp_rootv1p2.xsd"/>
<file href="CourseTracking.js"/>
<file href="F10_SCORM_Extensions_v1p0.xsd"/>
<file href="IANS2328.xml"/>
<file href="IANS2329.xml"/>
<file href="IANS2330.xml"/>
<file href="IANS2331.xml"/>
<file href="IANS3135.xml"/>
<file href="IANS473.xml"/>
<file href="imscp_rootv1p1p2.xsd"/>
<file href="imsmanifest.xml"/>
<file href="imsmd_rootv1p2p1.xsd"/>
<file href="ims_xml.xsd"/>
<file href="launcher.htm"/>
<file href="RunCourse.htm"/>
<file href="SCORM_Bridge.htm"/>
<file href="SCOs/black.htm"/>
<file href="SCOs/blank.htm"/>
<file href="SCOs/DOCs/blank.htm"/>
<file href="SCOs/DOCs/IANS3909.htm"/>
<file href="SCOs/DOCs/IANS533.htm"/>
<file href="SCOs/DOCs/IANS534.htm"/>
<file href="SCOs/DOCs/IANS535.htm"/>
<file href="SCOs/DOCs/IANS536.htm"/>
<file href="SCOs/DOCs/IANS537.htm"/>
<file href="SCOs/DOCs/ObjectFiles/225287001401096594.jpg"/>
<file href="SCOs/DOCs/ObjectFiles/HTMLImport/fcc9ebe914ea0bed787751b88094de00_H13/css/ECL_logo.png"/>
<file href="SCOs/DOCs/ObjectFiles/HTMLImport/fcc9ebe914ea0bed787751b88094de00_H13/css/fabec_Logo.png"/>
<file href="SCOs/DOCs/ObjectFiles/HTMLImport/fcc9ebe914ea0bed787751b88094de00_H13/css/StD_TopNav_ClusterMenu_structure.css"/>
<file href="SCOs/DOCs/ObjectFiles/HTMLImport/fcc9ebe914ea0bed787751b88094de00_H13/css/StD_TopNav_ClusterMenu_Theme_Burgundy_red.css"/>
<file href="SCOs/DOCs/ObjectFiles/HTMLImport/fcc9ebe914ea0bed787751b88094de00_H13/css/StD_TopNav_ClusterMenu_Theme_Default.css"/>
<file href="SCOs/DOCs/ObjectFiles/HTMLImport/fcc9ebe914ea0bed787751b88094de00_H13/css/StD_TopNav_ClusterMenu_Theme_Fabec.css"/>
<file href="SCOs/DOCs/ObjectFiles/HTMLImport/fcc9ebe914ea0bed787751b88094de00_H13/css/StD_TopNav_ClusterMenu_Theme_Green.css"/>
<file href="SCOs/DOCs/ObjectFiles/HTMLImport/fcc9ebe914ea0bed787751b88094de00_H13/css/StD_TopNav_ClusterMenu_Theme_Grey.css"/>
<file href="SCOs/DOCs/ObjectFiles/HTMLImport/fcc9ebe914ea0bed787751b88094de00_H13/css/StD_TopNav_ClusterMenu_Theme_Light_blue.css"/>
<file href="SCOs/DOCs/ObjectFiles/HTMLImport/fcc9ebe914ea0bed787751b88094de00_H13/css/StD_TopNav_ClusterMenu_Theme_Orange.css"/>
<file href="SCOs/DOCs/ObjectFiles/HTMLImport/fcc9ebe914ea0bed787751b88094de00_H13/css/StD_TopNav_ClusterMenu_Theme_Red.css"/>
<file href="SCOs/DOCs/ObjectFiles/HTMLImport/fcc9ebe914ea0bed787751b88094de00_H13/css/StD_TopNav_ClusterMenu_Theme_Yellow.css"/>
<file href="SCOs/DOCs/ObjectFiles/HTMLImport/fcc9ebe914ea0bed787751b88094de00_H13/StD_TopNav_ClusterMenu.html"/>
<file href="SCOs/DOCs/ObjectFiles/HTMLImport/ffc560d513dc97f3ad55b3974300319b_H134/botNav_Gen2Mod.html"/>
<file href="SCOs/DOCs/ObjectFiles/HTMLImport/ffc560d513dc97f3ad55b3974300319b_H134/EuroStylesheet.css"/>
<file href="SCOs/DOCs/ObjectFiles/HTMLImport/ffc560d513dc97f3ad55b3974300319b_H134/euro_f10.js"/>
<file href="SCOs/DOCs/ObjectFiles/HTMLImport/ffc560d513dc97f3ad55b3974300319b_H134/euro_style_f10.js"/>
<file href="SCOs/DOCs/ObjectFiles/HTMLImport/ffc560d513dc97f3ad55b3974300319b_H134/images/back-btn-dis.gif"/>
<file href="SCOs/DOCs/ObjectFiles/HTMLImport/ffc560d513dc97f3ad55b3974300319b_H134/images/back-btn-off.gif"/>
<file href="SCOs/DOCs/ObjectFiles/HTMLImport/ffc560d513dc97f3ad55b3974300319b_H134/images/back-btn-on.gif"/>
<file href="SCOs/DOCs/ObjectFiles/HTMLImport/ffc560d513dc97f3ad55b3974300319b_H134/images/background.gif"/>
<file href="SCOs/DOCs/ObjectFiles/HTMLImport/ffc560d513dc97f3ad55b3974300319b_H134/images/fwd-btn-dis.gif"/>
<file href="SCOs/DOCs/ObjectFiles/HTMLImport/ffc560d513dc97f3ad55b3974300319b_H134/images/fwd-btn-off.gif"/>
<file href="SCOs/DOCs/ObjectFiles/HTMLImport/ffc560d513dc97f3ad55b3974300319b_H134/images/fwd-btn-on.gif"/>
<file href="SCOs/DOCs/ObjectFiles/HTMLImport/ffc560d513dc97f3ad55b3974300319b_H134/images/mail-btn-off.gif"/>
<file href="SCOs/DOCs/ObjectFiles/HTMLImport/ffc560d513dc97f3ad55b3974300319b_H134/images/mail-btn-on.gif"/>
<file href="SCOs/DOCs/ObjectFiles/HTMLImport/ffc560d513dc97f3ad55b3974300319b_H83/ACAS_objectives.htm"/>
<file href="SCOs/DOCs/ObjectFiles/HTMLImport/ffc560d513dc97f3ad55b3974300319b_H83/activities/annunciations.swf"/>
<file href="SCOs/DOCs/ObjectFiles/HTMLImport/ffc560d513dc97f3ad55b3974300319b_H83/activities/atc_and_pilot_responsibilities.swf"/>
<file href="SCOs/DOCs/ObjectFiles/HTMLImport/ffc560d513dc97f3ad55b3974300319b_H83/activities/determining_sense.swf"/>
<file href="SCOs/DOCs/ObjectFiles/HTMLImport/ffc560d513dc97f3ad55b3974300319b_H83/activities/EFIS_displays.swf"/>
<file href="SCOs/DOCs/ObjectFiles/HTMLImport/ffc560d513dc97f3ad55b3974300319b_H83/activities/incident_01.swf"/>
<file href="SCOs/DOCs/ObjectFiles/HTMLImport/ffc560d513dc97f3ad55b3974300319b_H83/activities/incident_15.swf"/>
<file href="SCOs/DOCs/ObjectFiles/HTMLImport/ffc560d513dc97f3ad55b3974300319b_H83/activities/logic_and_tracking.swf"/>
<file href="SCOs/DOCs/ObjectFiles/HTMLImport/ffc560d513dc97f3ad55b3974300319b_H83/activities/phraseology.swf"/>
<file href="SCOs/DOCs/ObjectFiles/HTMLImport/ffc560d513dc97f3ad55b3974300319b_H83/activities/RA_coordination.swf"/>
<file href="SCOs/DOCs/ObjectFiles/HTMLImport/ffc560d513dc97f3ad55b3974300319b_H83/activities/RA_follow-up.swf"/>
<file href="SCOs/DOCs/ObjectFiles/HTMLImport/ffc560d513dc97f3ad55b3974300319b_H83/activities/responsibilities_extra.swf"/>
<file href="SCOs/DOCs/ObjectFiles/HTMLImport/ffc560d513dc97f3ad55b3974300319b_H83/activities/rvsm_ra_criteria_recap.swf"/>
<file href="SCOs/DOCs/ObjectFiles/HTMLImport/ffc560d513dc97f3ad55b3974300319b_H83/activities/rvsm_situation_1.swf"/>
<file href="SCOs/DOCs/ObjectFiles/HTMLImport/ffc560d513dc97f3ad55b3974300319b_H83/activities/rvsm_situation_2.swf"/>
<file href="SCOs/DOCs/ObjectFiles/HTMLImport/ffc560d513dc97f3ad55b3974300319b_H83/activities/sensitivity_level.swf"/>
<file href="SCOs/DOCs/ObjectFiles/HTMLImport/ffc560d513dc97f3ad55b3974300319b_H83/activities/sigifnicant_observed_problems.swf"/>
<file href="SCOs/DOCs/ObjectFiles/HTMLImport/ffc560d513dc97f3ad55b3974300319b_H83/activities/summary_topic_01.swf"/>
<file href="SCOs/DOCs/ObjectFiles/HTMLImport/ffc560d513dc97f3ad55b3974300319b_H83/activities/system_logic.swf"/>
<file href="SCOs/DOCs/ObjectFiles/HTMLImport/ffc560d513dc97f3ad55b3974300319b_H83/activities/tau.swf"/>
<file href="SCOs/DOCs/ObjectFiles/HTMLImport/ffc560d513dc97f3ad55b3974300319b_H83/activities/TCAS_overview.swf"/>
<file href="SCOs/DOCs/ObjectFiles/HTMLImport/ffc560d513dc97f3ad55b3974300319b_H83/activities/threat_detection.swf"/>
<file href="SCOs/DOCs/ObjectFiles/HTMLImport/ffc560d513dc97f3ad55b3974300319b_H83/activities/topic_01_keywords.swf"/>
<file href="SCOs/DOCs/ObjectFiles/HTMLImport/ffc560d513dc97f3ad55b3974300319b_H83/activities/topic_02_keywords.swf"/>
<file href="SCOs/DOCs/ObjectFiles/HTMLImport/ffc560d513dc97f3ad55b3974300319b_H83/activities/topic_02_summary.swf"/>
<file href="SCOs/DOCs/ObjectFiles/HTMLImport/ffc560d513dc97f3ad55b3974300319b_H83/activities/traffic_display_symbology.swf"/>
<file href="SCOs/DOCs/ObjectFiles/HTMLImport/ffc560d513dc97f3ad55b3974300319b_H83/activities/transponder_types.swf"/>
<file href="SCOs/DOCs/ObjectFiles/HTMLImport/ffc560d513dc97f3ad55b3974300319b_H83/activities/turbulence.swf"/>
<file href="SCOs/DOCs/ObjectFiles/HTMLImport/ffc560d513dc97f3ad55b3974300319b_H83/activities/what_is_ACAS.swf"/>
<file href="SCOs/DOCs/ObjectFiles/HTMLImport/ffc560d513dc97f3ad55b3974300319b_H83/activities/what_tcas_does.swf"/>
<file href="SCOs/DOCs/ObjectFiles/HTMLImport/ffc560d513dc97f3ad55b3974300319b_H83/blank.htm"/>
<file href="SCOs/DOCs/ObjectFiles/HTMLImport/ffc560d513dc97f3ad55b3974300319b_H83/centre_margin.htm"/>
<file href="SCOs/DOCs/ObjectFiles/HTMLImport/ffc560d513dc97f3ad55b3974300319b_H83/glossary/glossary.htm"/>
<file href="SCOs/DOCs/ObjectFiles/HTMLImport/ffc560d513dc97f3ad55b3974300319b_H83/glossary/glos_index.htm"/>
<file href="SCOs/DOCs/ObjectFiles/HTMLImport/ffc560d513dc97f3ad55b3974300319b_H83/graphics/acas_summary.jpg"/>
<file href="SCOs/DOCs/ObjectFiles/HTMLImport/ffc560d513dc97f3ad55b3974300319b_H83/graphics/background_css.gif"/>
<file href="SCOs/DOCs/ObjectFiles/HTMLImport/ffc560d513dc97f3ad55b3974300319b_H83/graphics/blob.gif"/>
<file href="SCOs/DOCs/ObjectFiles/HTMLImport/ffc560d513dc97f3ad55b3974300319b_H83/graphics/bullet_03p.gif"/>
<file href="SCOs/DOCs/ObjectFiles/HTMLImport/ffc560d513dc97f3ad55b3974300319b_H83/graphics/bullet_09p.gif"/>
<file href="SCOs/DOCs/ObjectFiles/HTMLImport/ffc560d513dc97f3ad55b3974300319b_H83/graphics/cs.gif"/>
<file href="SCOs/DOCs/ObjectFiles/HTMLImport/ffc560d513dc97f3ad55b3974300319b_H83/graphics/ecacmap.gif"/>
<file href="SCOs/DOCs/ObjectFiles/HTMLImport/ffc560d513dc97f3ad55b3974300319b_H83/graphics/ecacmap2.gif"/>
<file href="SCOs/DOCs/ObjectFiles/HTMLImport/ffc560d513dc97f3ad55b3974300319b_H83/graphics/mg.gif"/>
<file href="SCOs/DOCs/ObjectFiles/HTMLImport/ffc560d513dc97f3ad55b3974300319b_H83/graphics/module_objectives.gif"/>
<file href="SCOs/DOCs/ObjectFiles/HTMLImport/ffc560d513dc97f3ad55b3974300319b_H83/graphics/module_objectives_hl.gif"/>
<file href="SCOs/DOCs/ObjectFiles/HTMLImport/ffc560d513dc97f3ad55b3974300319b_H83/graphics/ms.gif"/>
<file href="SCOs/DOCs/ObjectFiles/HTMLImport/ffc560d513dc97f3ad55b3974300319b_H83/graphics/objectives_back_css.gif"/>
<file href="SCOs/DOCs/ObjectFiles/HTMLImport/ffc560d513dc97f3ad55b3974300319b_H83/graphics/objectives_back_css.jpg"/>
<file href="SCOs/DOCs/ObjectFiles/HTMLImport/ffc560d513dc97f3ad55b3974300319b_H83/graphics/responsibilities.jpg"/>
<file href="SCOs/DOCs/ObjectFiles/HTMLImport/ffc560d513dc97f3ad55b3974300319b_H83/graphics/ws_interface_background.gif"/>
<file href="SCOs/DOCs/ObjectFiles/HTMLImport/ffc560d513dc97f3ad55b3974300319b_H83/index.htm"/>
<file href="SCOs/DOCs/ObjectFiles/HTMLImport/ffc560d513dc97f3ad55b3974300319b_H83/media/Adjust_Vertical_Speed.mp3"/>
<file href="SCOs/DOCs/ObjectFiles/HTMLImport/ffc560d513dc97f3ad55b3974300319b_H83/media/Clear_Of_Conflict.mp3"/>
<file href="SCOs/DOCs/ObjectFiles/HTMLImport/ffc560d513dc97f3ad55b3974300319b_H83/media/Climb.mp3"/>
<file href="SCOs/DOCs/ObjectFiles/HTMLImport/ffc560d513dc97f3ad55b3974300319b_H83/media/Climb_Now.mp3"/>
<file href="SCOs/DOCs/ObjectFiles/HTMLImport/ffc560d513dc97f3ad55b3974300319b_H83/media/Crossing_Climb.mp3"/>
<file href="SCOs/DOCs/ObjectFiles/HTMLImport/ffc560d513dc97f3ad55b3974300319b_H83/media/Crossing_Descend.mp3"/>
<file href="SCOs/DOCs/ObjectFiles/HTMLImport/ffc560d513dc97f3ad55b3974300319b_H83/media/Descend.mp3"/>
<file href="SCOs/DOCs/ObjectFiles/HTMLImport/ffc560d513dc97f3ad55b3974300319b_H83/media/Descend_Now.mp3"/>
<file href="SCOs/DOCs/ObjectFiles/HTMLImport/ffc560d513dc97f3ad55b3974300319b_H83/media/Increase_Climb.mp3"/>
<file href="SCOs/DOCs/ObjectFiles/HTMLImport/ffc560d513dc97f3ad55b3974300319b_H83/media/Increase_Descent.mp3"/>
<file href="SCOs/DOCs/ObjectFiles/HTMLImport/ffc560d513dc97f3ad55b3974300319b_H83/media/Maintain_Crossing_Maintain.mp3"/>
<file href="SCOs/DOCs/ObjectFiles/HTMLImport/ffc560d513dc97f3ad55b3974300319b_H83/media/Maintain_Vertical_Speed.mp3"/>
<file href="SCOs/DOCs/ObjectFiles/HTMLImport/ffc560d513dc97f3ad55b3974300319b_H83/media/Monitor_Vertical_Speed.mp3"/>
<file href="SCOs/DOCs/ObjectFiles/HTMLImport/ffc560d513dc97f3ad55b3974300319b_H83/media/Tcas_System_Test_Fail.mp3"/>
<file href="SCOs/DOCs/ObjectFiles/HTMLImport/ffc560d513dc97f3ad55b3974300319b_H83/media/Tcas_System_Test_OK.mp3"/>
<file href="SCOs/DOCs/ObjectFiles/HTMLImport/ffc560d513dc97f3ad55b3974300319b_H83/media/Traffic.mp3"/>
<file href="SCOs/DOCs/ObjectFiles/HTMLImport/ffc560d513dc97f3ad55b3974300319b_H83/objectives.htm"/>
<file href="SCOs/DOCs/ObjectFiles/HTMLImport/ffc560d513dc97f3ad55b3974300319b_H83/scripts/topicdefinition.js"/>
<file href="SCOs/DOCs/ObjectFiles/HTMLImport/ffc560d513dc97f3ad55b3974300319b_H83/topic_0/m01_t00_p00.htm"/>
<file href="SCOs/DOCs/ObjectFiles/HTMLImport/ffc560d513dc97f3ad55b3974300319b_H83/topic_0/m01_t00_p00_1r.htm"/>
<file href="SCOs/DOCs/ObjectFiles/HTMLImport/ffc560d513dc97f3ad55b3974300319b_H83/universal_style_sheets/maas.css"/>
<file href="SCOs/DOCs/ObjectFiles/HTMLImport/ffc560d513dc97f3ad55b3974300319b_H84/ACAS_objectives.htm"/>
<file href="SCOs/DOCs/ObjectFiles/HTMLImport/ffc560d513dc97f3ad55b3974300319b_H84/activities/ACAS_t01_p02_what_is_ACAS.swf"/>
<file href="SCOs/DOCs/ObjectFiles/HTMLImport/ffc560d513dc97f3ad55b3974300319b_H84/activities/annunciations.swf"/>
<file href="SCOs/DOCs/ObjectFiles/HTMLImport/ffc560d513dc97f3ad55b3974300319b_H84/activities/atc_and_pilot_responsibilities.swf"/>
<file href="SCOs/DOCs/ObjectFiles/HTMLImport/ffc560d513dc97f3ad55b3974300319b_H84/activities/determining_sense.swf"/>
<file href="SCOs/DOCs/ObjectFiles/HTMLImport/ffc560d513dc97f3ad55b3974300319b_H84/activities/EFIS_displays.swf"/>
<file href="SCOs/DOCs/ObjectFiles/HTMLImport/ffc560d513dc97f3ad55b3974300319b_H84/activities/incident_01.swf"/>
<file href="SCOs/DOCs/ObjectFiles/HTMLImport/ffc560d513dc97f3ad55b3974300319b_H84/activities/incident_15.swf"/>
<file href="SCOs/DOCs/ObjectFiles/HTMLImport/ffc560d513dc97f3ad55b3974300319b_H84/activities/logic_and_tracking.swf"/>
<file href="SCOs/DOCs/ObjectFiles/HTMLImport/ffc560d513dc97f3ad55b3974300319b_H84/activities/phraseology.swf"/>
<file href="SCOs/DOCs/ObjectFiles/HTMLImport/ffc560d513dc97f3ad55b3974300319b_H84/activities/RA_coordination.swf"/>
<file href="SCOs/DOCs/ObjectFiles/HTMLImport/ffc560d513dc97f3ad55b3974300319b_H84/activities/RA_follow-up.swf"/>
<file href="SCOs/DOCs/ObjectFiles/HTMLImport/ffc560d513dc97f3ad55b3974300319b_H84/activities/responsibilities_extra.swf"/>
<file href="SCOs/DOCs/ObjectFiles/HTMLImport/ffc560d513dc97f3ad55b3974300319b_H84/activities/rvsm_ra_criteria_recap.swf"/>
<file href="SCOs/DOCs/ObjectFiles/HTMLImport/ffc560d513dc97f3ad55b3974300319b_H84/activities/rvsm_situation_1.swf"/>
<file href="SCOs/DOCs/ObjectFiles/HTMLImport/ffc560d513dc97f3ad55b3974300319b_H84/activities/rvsm_situation_2.swf"/>
<file href="SCOs/DOCs/ObjectFiles/HTMLImport/ffc560d513dc97f3ad55b3974300319b_H84/activities/sensitivity_level.swf"/>
<file href="SCOs/DOCs/ObjectFiles/HTMLImport/ffc560d513dc97f3ad55b3974300319b_H84/activities/sigifnicant_observed_problems.swf"/>
<file href="SCOs/DOCs/ObjectFiles/HTMLImport/ffc560d513dc97f3ad55b3974300319b_H84/activities/summary_topic_01.swf"/>
<file href="SCOs/DOCs/ObjectFiles/HTMLImport/ffc560d513dc97f3ad55b3974300319b_H84/activities/system_logic.swf"/>
<file href="SCOs/DOCs/ObjectFiles/HTMLImport/ffc560d513dc97f3ad55b3974300319b_H84/activities/tau.swf"/>
<file href="SCOs/DOCs/ObjectFiles/HTMLImport/ffc560d513dc97f3ad55b3974300319b_H84/activities/TCAS_overview.swf"/>
<file href="SCOs/DOCs/ObjectFiles/HTMLImport/ffc560d513dc97f3ad55b3974300319b_H84/activities/threat_detection.swf"/>
<file href="SCOs/DOCs/ObjectFiles/HTMLImport/ffc560d513dc97f3ad55b3974300319b_H84/activities/topic_01_keywords.swf"/>
<file href="SCOs/DOCs/ObjectFiles/HTMLImport/ffc560d513dc97f3ad55b3974300319b_H84/activities/topic_02_keywords.swf"/>
<file href="SCOs/DOCs/ObjectFiles/HTMLImport/ffc560d513dc97f3ad55b3974300319b_H84/activities/topic_02_summary.swf"/>
<file href="SCOs/DOCs/ObjectFiles/HTMLImport/ffc560d513dc97f3ad55b3974300319b_H84/activities/traffic_display_symbology.swf"/>
<file href="SCOs/DOCs/ObjectFiles/HTMLImport/ffc560d513dc97f3ad55b3974300319b_H84/activities/transponder_types.swf"/>
<file href="SCOs/DOCs/ObjectFiles/HTMLImport/ffc560d513dc97f3ad55b3974300319b_H84/activities/turbulence.swf"/>
<file href="SCOs/DOCs/ObjectFiles/HTMLImport/ffc560d513dc97f3ad55b3974300319b_H84/activities/what_tcas_does.swf"/>
<file href="SCOs/DOCs/ObjectFiles/HTMLImport/ffc560d513dc97f3ad55b3974300319b_H84/blank.htm"/>
<file href="SCOs/DOCs/ObjectFiles/HTMLImport/ffc560d513dc97f3ad55b3974300319b_H84/centre_margin.htm"/>
<file href="SCOs/DOCs/ObjectFiles/HTMLImport/ffc560d513dc97f3ad55b3974300319b_H84/glossary/glossary.htm"/>
<file href="SCOs/DOCs/ObjectFiles/HTMLImport/ffc560d513dc97f3ad55b3974300319b_H84/glossary/glos_index.htm"/>
<file href="SCOs/DOCs/ObjectFiles/HTMLImport/ffc560d513dc97f3ad55b3974300319b_H84/graphics/acas_summary.jpg"/>
<file href="SCOs/DOCs/ObjectFiles/HTMLImport/ffc560d513dc97f3ad55b3974300319b_H84/graphics/background_css.gif"/>
<file href="SCOs/DOCs/ObjectFiles/HTMLImport/ffc560d513dc97f3ad55b3974300319b_H84/graphics/blob.gif"/>
<file href="SCOs/DOCs/ObjectFiles/HTMLImport/ffc560d513dc97f3ad55b3974300319b_H84/graphics/bullet_03p.gif"/>
<file href="SCOs/DOCs/ObjectFiles/HTMLImport/ffc560d513dc97f3ad55b3974300319b_H84/graphics/bullet_09p.gif"/>
<file href="SCOs/DOCs/ObjectFiles/HTMLImport/ffc560d513dc97f3ad55b3974300319b_H84/graphics/cs.gif"/>
<file href="SCOs/DOCs/ObjectFiles/HTMLImport/ffc560d513dc97f3ad55b3974300319b_H84/graphics/ecacmap.gif"/>
<file href="SCOs/DOCs/ObjectFiles/HTMLImport/ffc560d513dc97f3ad55b3974300319b_H84/graphics/ecacmap2.gif"/>
<file href="SCOs/DOCs/ObjectFiles/HTMLImport/ffc560d513dc97f3ad55b3974300319b_H84/graphics/mg.gif"/>
<file href="SCOs/DOCs/ObjectFiles/HTMLImport/ffc560d513dc97f3ad55b3974300319b_H84/graphics/module_objectives.gif"/>
<file href="SCOs/DOCs/ObjectFiles/HTMLImport/ffc560d513dc97f3ad55b3974300319b_H84/graphics/module_objectives_hl.gif"/>
<file href="SCOs/DOCs/ObjectFiles/HTMLImport/ffc560d513dc97f3ad55b3974300319b_H84/graphics/ms.gif"/>
<file href="SCOs/DOCs/ObjectFiles/HTMLImport/ffc560d513dc97f3ad55b3974300319b_H84/graphics/objectives_back_css.gif"/>
<file href="SCOs/DOCs/ObjectFiles/HTMLImport/ffc560d513dc97f3ad55b3974300319b_H84/graphics/objectives_back_css.jpg"/>
<file href="SCOs/DOCs/ObjectFiles/HTMLImport/ffc560d513dc97f3ad55b3974300319b_H84/graphics/responsibilities.jpg"/>
<file href="SCOs/DOCs/ObjectFiles/HTMLImport/ffc560d513dc97f3ad55b3974300319b_H84/graphics/ws_interface_background.gif"/>
<file href="SCOs/DOCs/ObjectFiles/HTMLImport/ffc560d513dc97f3ad55b3974300319b_H84/index.htm"/>
<file href="SCOs/DOCs/ObjectFiles/HTMLImport/ffc560d513dc97f3ad55b3974300319b_H84/media/Adjust_Vertical_Speed.mp3"/>
<file href="SCOs/DOCs/ObjectFiles/HTMLImport/ffc560d513dc97f3ad55b3974300319b_H84/media/Clear_Of_Conflict.mp3"/>
<file href="SCOs/DOCs/ObjectFiles/HTMLImport/ffc560d513dc97f3ad55b3974300319b_H84/media/Climb.mp3"/>
<file href="SCOs/DOCs/ObjectFiles/HTMLImport/ffc560d513dc97f3ad55b3974300319b_H84/media/Climb_Now.mp3"/>
<file href="SCOs/DOCs/ObjectFiles/HTMLImport/ffc560d513dc97f3ad55b3974300319b_H84/media/Crossing_Climb.mp3"/>
<file href="SCOs/DOCs/ObjectFiles/HTMLImport/ffc560d513dc97f3ad55b3974300319b_H84/media/Crossing_Descend.mp3"/>
<file href="SCOs/DOCs/ObjectFiles/HTMLImport/ffc560d513dc97f3ad55b3974300319b_H84/media/Descend.mp3"/>
<file href="SCOs/DOCs/ObjectFiles/HTMLImport/ffc560d513dc97f3ad55b3974300319b_H84/media/Descend_Now.mp3"/>
<file href="SCOs/DOCs/ObjectFiles/HTMLImport/ffc560d513dc97f3ad55b3974300319b_H84/media/Increase_Climb.mp3"/>
<file href="SCOs/DOCs/ObjectFiles/HTMLImport/ffc560d513dc97f3ad55b3974300319b_H84/media/Increase_Descent.mp3"/>
<file href="SCOs/DOCs/ObjectFiles/HTMLImport/ffc560d513dc97f3ad55b3974300319b_H84/media/Maintain_Crossing_Maintain.mp3"/>
<file href="SCOs/DOCs/ObjectFiles/HTMLImport/ffc560d513dc97f3ad55b3974300319b_H84/media/Maintain_Vertical_Speed.mp3"/>
<file href="SCOs/DOCs/ObjectFiles/HTMLImport/ffc560d513dc97f3ad55b3974300319b_H84/media/Monitor_Vertical_Speed.mp3"/>
<file href="SCOs/DOCs/ObjectFiles/HTMLImport/ffc560d513dc97f3ad55b3974300319b_H84/media/Tcas_System_Test_Fail.mp3"/>
<file href="SCOs/DOCs/ObjectFiles/HTMLImport/ffc560d513dc97f3ad55b3974300319b_H84/media/Tcas_System_Test_OK.mp3"/>
<file href="SCOs/DOCs/ObjectFiles/HTMLImport/ffc560d513dc97f3ad55b3974300319b_H84/media/Traffic.mp3"/>
<file href="SCOs/DOCs/ObjectFiles/HTMLImport/ffc560d513dc97f3ad55b3974300319b_H84/objectives.htm"/>
<file href="SCOs/DOCs/ObjectFiles/HTMLImport/ffc560d513dc97f3ad55b3974300319b_H84/scripts/AC_RunActiveContent.js"/>
<file href="SCOs/DOCs/ObjectFiles/HTMLImport/ffc560d513dc97f3ad55b3974300319b_H84/scripts/topicdefinition.js"/>
<file href="SCOs/DOCs/ObjectFiles/HTMLImport/ffc560d513dc97f3ad55b3974300319b_H84/topic_1/m01_t01_p00.htm"/>
<file href="SCOs/DOCs/ObjectFiles/HTMLImport/ffc560d513dc97f3ad55b3974300319b_H84/topic_1/m01_t01_p00_1r.htm"/>
<file href="SCOs/DOCs/ObjectFiles/HTMLImport/ffc560d513dc97f3ad55b3974300319b_H84/topic_1/m01_t01_p05.htm"/>
<file href="SCOs/DOCs/ObjectFiles/HTMLImport/ffc560d513dc97f3ad55b3974300319b_H84/topic_1/m01_t01_p05_1r.htm"/>
<file href="SCOs/DOCs/ObjectFiles/HTMLImport/ffc560d513dc97f3ad55b3974300319b_H84/topic_1/m01_t01_p05_2r.htm"/>
<file href="SCOs/DOCs/ObjectFiles/HTMLImport/ffc560d513dc97f3ad55b3974300319b_H84/topic_1/m01_t01_p10.htm"/>
<file href="SCOs/DOCs/ObjectFiles/HTMLImport/ffc560d513dc97f3ad55b3974300319b_H84/topic_1/m01_t01_p10_1r.htm"/>
<file href="SCOs/DOCs/ObjectFiles/HTMLImport/ffc560d513dc97f3ad55b3974300319b_H84/topic_1/m01_t01_p15.htm"/>
<file href="SCOs/DOCs/ObjectFiles/HTMLImport/ffc560d513dc97f3ad55b3974300319b_H84/topic_1/m01_t01_p15_1r.htm"/>
<file href="SCOs/DOCs/ObjectFiles/HTMLImport/ffc560d513dc97f3ad55b3974300319b_H84/topic_1/m01_t01_p20.htm"/>
<file href="SCOs/DOCs/ObjectFiles/HTMLImport/ffc560d513dc97f3ad55b3974300319b_H84/topic_1/m01_t01_p20_1r.htm"/>
<file href="SCOs/DOCs/ObjectFiles/HTMLImport/ffc560d513dc97f3ad55b3974300319b_H84/topic_1/m01_t01_p20_2r.htm"/>
<file href="SCOs/DOCs/ObjectFiles/HTMLImport/ffc560d513dc97f3ad55b3974300319b_H84/topic_1/transponder_functioning.swf"/>
<file href="SCOs/DOCs/ObjectFiles/HTMLImport/ffc560d513dc97f3ad55b3974300319b_H84/universal_style_sheets/formatDemo.htm"/>
<file href="SCOs/DOCs/ObjectFiles/HTMLImport/ffc560d513dc97f3ad55b3974300319b_H84/universal_style_sheets/maas.css"/>
<file href="SCOs/DOCs/ObjectFiles/HTMLImport/ffc560d513dc97f3ad55b3974300319b_H85/ACAS_objectives.htm"/>
<file href="SCOs/DOCs/ObjectFiles/HTMLImport/ffc560d513dc97f3ad55b3974300319b_H85/activities/annunciations.swf"/>
<file href="SCOs/DOCs/ObjectFiles/HTMLImport/ffc560d513dc97f3ad55b3974300319b_H85/activities/atc_and_pilot_responsibilities.swf"/>
<file href="SCOs/DOCs/ObjectFiles/HTMLImport/ffc560d513dc97f3ad55b3974300319b_H85/activities/determining_sense.swf"/>
<file href="SCOs/DOCs/ObjectFiles/HTMLImport/ffc560d513dc97f3ad55b3974300319b_H85/activities/EFIS_displays.swf"/>
<file href="SCOs/DOCs/ObjectFiles/HTMLImport/ffc560d513dc97f3ad55b3974300319b_H85/activities/incident_01.swf"/>
<file href="SCOs/DOCs/ObjectFiles/HTMLImport/ffc560d513dc97f3ad55b3974300319b_H85/activities/incident_15.swf"/>
<file href="SCOs/DOCs/ObjectFiles/HTMLImport/ffc560d513dc97f3ad55b3974300319b_H85/activities/logic_and_tracking.swf"/>
<file href="SCOs/DOCs/ObjectFiles/HTMLImport/ffc560d513dc97f3ad55b3974300319b_H85/activities/phraseology.swf"/>
<file href="SCOs/DOCs/ObjectFiles/HTMLImport/ffc560d513dc97f3ad55b3974300319b_H85/activities/RA_coordination.swf"/>
<file href="SCOs/DOCs/ObjectFiles/HTMLImport/ffc560d513dc97f3ad55b3974300319b_H85/activities/RA_follow-up.swf"/>
<file href="SCOs/DOCs/ObjectFiles/HTMLImport/ffc560d513dc97f3ad55b3974300319b_H85/activities/responsibilities_extra.swf"/>
<file href="SCOs/DOCs/ObjectFiles/HTMLImport/ffc560d513dc97f3ad55b3974300319b_H85/activities/rvsm_ra_criteria_recap.swf"/>
<file href="SCOs/DOCs/ObjectFiles/HTMLImport/ffc560d513dc97f3ad55b3974300319b_H85/activities/rvsm_situation_1.swf"/>
<file href="SCOs/DOCs/ObjectFiles/HTMLImport/ffc560d513dc97f3ad55b3974300319b_H85/activities/rvsm_situation_2.swf"/>
<file href="SCOs/DOCs/ObjectFiles/HTMLImport/ffc560d513dc97f3ad55b3974300319b_H85/activities/sensitivity_level.swf"/>
<file href="SCOs/DOCs/ObjectFiles/HTMLImport/ffc560d513dc97f3ad55b3974300319b_H85/activities/sigifnicant_observed_problems.swf"/>
<file href="SCOs/DOCs/ObjectFiles/HTMLImport/ffc560d513dc97f3ad55b3974300319b_H85/activities/summary_topic_01.swf"/>
<file href="SCOs/DOCs/ObjectFiles/HTMLImport/ffc560d513dc97f3ad55b3974300319b_H85/activities/system_logic.swf"/>
<file href="SCOs/DOCs/ObjectFiles/HTMLImport/ffc560d513dc97f3ad55b3974300319b_H85/activities/tau.swf"/>
<file href="SCOs/DOCs/ObjectFiles/HTMLImport/ffc560d513dc97f3ad55b3974300319b_H85/activities/TCAS_overview.swf"/>
<file href="SCOs/DOCs/ObjectFiles/HTMLImport/ffc560d513dc97f3ad55b3974300319b_H85/activities/threat_detection.swf"/>
<file href="SCOs/DOCs/ObjectFiles/HTMLImport/ffc560d513dc97f3ad55b3974300319b_H85/activities/topic_01_keywords.swf"/>
<file href="SCOs/DOCs/ObjectFiles/HTMLImport/ffc560d513dc97f3ad55b3974300319b_H85/activities/topic_02_keywords.swf"/>
<file href="SCOs/DOCs/ObjectFiles/HTMLImport/ffc560d513dc97f3ad55b3974300319b_H85/activities/topic_02_summary.swf"/>
<file href="SCOs/DOCs/ObjectFiles/HTMLImport/ffc560d513dc97f3ad55b3974300319b_H85/activities/traffic_display_symbology.swf"/>
<file href="SCOs/DOCs/ObjectFiles/HTMLImport/ffc560d513dc97f3ad55b3974300319b_H85/activities/transponder_types.swf"/>
<file href="SCOs/DOCs/ObjectFiles/HTMLImport/ffc560d513dc97f3ad55b3974300319b_H85/activities/turbulence.swf"/>
<file href="SCOs/DOCs/ObjectFiles/HTMLImport/ffc560d513dc97f3ad55b3974300319b_H85/activities/what_is_ACAS.swf"/>
<file href="SCOs/DOCs/ObjectFiles/HTMLImport/ffc560d513dc97f3ad55b3974300319b_H85/activities/what_tcas_does.swf"/>
<file href="SCOs/DOCs/ObjectFiles/HTMLImport/ffc560d513dc97f3ad55b3974300319b_H85/blank.htm"/>
<file href="SCOs/DOCs/ObjectFiles/HTMLImport/ffc560d513dc97f3ad55b3974300319b_H85/centre_margin.htm"/>
<file href="SCOs/DOCs/ObjectFiles/HTMLImport/ffc560d513dc97f3ad55b3974300319b_H85/glossary/glossary.htm"/>
<file href="SCOs/DOCs/ObjectFiles/HTMLImport/ffc560d513dc97f3ad55b3974300319b_H85/glossary/glos_index.htm"/>
<file href="SCOs/DOCs/ObjectFiles/HTMLImport/ffc560d513dc97f3ad55b3974300319b_H85/graphics/acas_summary.jpg"/>
<file href="SCOs/DOCs/ObjectFiles/HTMLImport/ffc560d513dc97f3ad55b3974300319b_H85/graphics/background_css.gif"/>
<file href="SCOs/DOCs/ObjectFiles/HTMLImport/ffc560d513dc97f3ad55b3974300319b_H85/graphics/blob.gif"/>
<file href="SCOs/DOCs/ObjectFiles/HTMLImport/ffc560d513dc97f3ad55b3974300319b_H85/graphics/bullet_03p.gif"/>
<file href="SCOs/DOCs/ObjectFiles/HTMLImport/ffc560d513dc97f3ad55b3974300319b_H85/graphics/bullet_09p.gif"/>
<file href="SCOs/DOCs/ObjectFiles/HTMLImport/ffc560d513dc97f3ad55b3974300319b_H85/graphics/cs.gif"/>
<file href="SCOs/DOCs/ObjectFiles/HTMLImport/ffc560d513dc97f3ad55b3974300319b_H85/graphics/ecacmap.gif"/>
<file href="SCOs/DOCs/ObjectFiles/HTMLImport/ffc560d513dc97f3ad55b3974300319b_H85/graphics/ecacmap2.gif"/>
<file href="SCOs/DOCs/ObjectFiles/HTMLImport/ffc560d513dc97f3ad55b3974300319b_H85/graphics/mg.gif"/>
<file href="SCOs/DOCs/ObjectFiles/HTMLImport/ffc560d513dc97f3ad55b3974300319b_H85/graphics/module_objectives.gif"/>
<file href="SCOs/DOCs/ObjectFiles/HTMLImport/ffc560d513dc97f3ad55b3974300319b_H85/graphics/module_objectives_hl.gif"/>
<file href="SCOs/DOCs/ObjectFiles/HTMLImport/ffc560d513dc97f3ad55b3974300319b_H85/graphics/ms.gif"/>
<file href="SCOs/DOCs/ObjectFiles/HTMLImport/ffc560d513dc97f3ad55b3974300319b_H85/graphics/objectives_back_css.gif"/>
<file href="SCOs/DOCs/ObjectFiles/HTMLImport/ffc560d513dc97f3ad55b3974300319b_H85/graphics/objectives_back_css.jpg"/>
<file href="SCOs/DOCs/ObjectFiles/HTMLImport/ffc560d513dc97f3ad55b3974300319b_H85/graphics/responsibilities.jpg"/>
<file href="SCOs/DOCs/ObjectFiles/HTMLImport/ffc560d513dc97f3ad55b3974300319b_H85/graphics/ws_interface_background.gif"/>
<file href="SCOs/DOCs/ObjectFiles/HTMLImport/ffc560d513dc97f3ad55b3974300319b_H85/index.htm"/>
<file href="SCOs/DOCs/ObjectFiles/HTMLImport/ffc560d513dc97f3ad55b3974300319b_H85/media/Adjust_Vertical_Speed.mp3"/>
<file href="SCOs/DOCs/ObjectFiles/HTMLImport/ffc560d513dc97f3ad55b3974300319b_H85/media/Clear_Of_Conflict.mp3"/>
<file href="SCOs/DOCs/ObjectFiles/HTMLImport/ffc560d513dc97f3ad55b3974300319b_H85/media/Climb.mp3"/>
<file href="SCOs/DOCs/ObjectFiles/HTMLImport/ffc560d513dc97f3ad55b3974300319b_H85/media/Climb_Now.mp3"/>
<file href="SCOs/DOCs/ObjectFiles/HTMLImport/ffc560d513dc97f3ad55b3974300319b_H85/media/Crossing_Climb.mp3"/>
<file href="SCOs/DOCs/ObjectFiles/HTMLImport/ffc560d513dc97f3ad55b3974300319b_H85/media/Crossing_Descend.mp3"/>
<file href="SCOs/DOCs/ObjectFiles/HTMLImport/ffc560d513dc97f3ad55b3974300319b_H85/media/Descend.mp3"/>
<file href="SCOs/DOCs/ObjectFiles/HTMLImport/ffc560d513dc97f3ad55b3974300319b_H85/media/Descend_Now.mp3"/>
<file href="SCOs/DOCs/ObjectFiles/HTMLImport/ffc560d513dc97f3ad55b3974300319b_H85/media/Increase_Climb.mp3"/>
<file href="SCOs/DOCs/ObjectFiles/HTMLImport/ffc560d513dc97f3ad55b3974300319b_H85/media/Increase_Descent.mp3"/>
<file href="SCOs/DOCs/ObjectFiles/HTMLImport/ffc560d513dc97f3ad55b3974300319b_H85/media/Maintain_Crossing_Maintain.mp3"/>
<file href="SCOs/DOCs/ObjectFiles/HTMLImport/ffc560d513dc97f3ad55b3974300319b_H85/media/Maintain_Vertical_Speed.mp3"/>
<file href="SCOs/DOCs/ObjectFiles/HTMLImport/ffc560d513dc97f3ad55b3974300319b_H85/media/Monitor_Vertical_Speed.mp3"/>
<file href="SCOs/DOCs/ObjectFiles/HTMLImport/ffc560d513dc97f3ad55b3974300319b_H85/media/Tcas_System_Test_Fail.mp3"/>
<file href="SCOs/DOCs/ObjectFiles/HTMLImport/ffc560d513dc97f3ad55b3974300319b_H85/media/Tcas_System_Test_OK.mp3"/>
<file href="SCOs/DOCs/ObjectFiles/HTMLImport/ffc560d513dc97f3ad55b3974300319b_H85/media/Traffic.mp3"/>
<file href="SCOs/DOCs/ObjectFiles/HTMLImport/ffc560d513dc97f3ad55b3974300319b_H85/objectives.htm"/>
<file href="SCOs/DOCs/ObjectFiles/HTMLImport/ffc560d513dc97f3ad55b3974300319b_H85/scripts/AC_RunActiveContent.js"/>
<file href="SCOs/DOCs/ObjectFiles/HTMLImport/ffc560d513dc97f3ad55b3974300319b_H85/scripts/topicdefinition.js"/>
<file href="SCOs/DOCs/ObjectFiles/HTMLImport/ffc560d513dc97f3ad55b3974300319b_H85/topic_2/m01_t02_p00.htm"/>
<file href="SCOs/DOCs/ObjectFiles/HTMLImport/ffc560d513dc97f3ad55b3974300319b_H85/topic_2/m01_t02_p00_1r.htm"/>
<file href="SCOs/DOCs/ObjectFiles/HTMLImport/ffc560d513dc97f3ad55b3974300319b_H85/topic_2/m01_t02_p05.htm"/>
<file href="SCOs/DOCs/ObjectFiles/HTMLImport/ffc560d513dc97f3ad55b3974300319b_H85/topic_2/m01_t02_p05_1r.htm"/>
<file href="SCOs/DOCs/ObjectFiles/HTMLImport/ffc560d513dc97f3ad55b3974300319b_H85/topic_2/m01_t02_p05_2r.htm"/>
<file href="SCOs/DOCs/ObjectFiles/HTMLImport/ffc560d513dc97f3ad55b3974300319b_H85/topic_2/m01_t02_p05_3r.htm"/>
<file href="SCOs/DOCs/ObjectFiles/HTMLImport/ffc560d513dc97f3ad55b3974300319b_H85/topic_2/m01_t02_p05_4r.htm"/>
<file href="SCOs/DOCs/ObjectFiles/HTMLImport/ffc560d513dc97f3ad55b3974300319b_H85/topic_2/m01_t02_p10.htm"/>
<file href="SCOs/DOCs/ObjectFiles/HTMLImport/ffc560d513dc97f3ad55b3974300319b_H85/topic_2/m01_t02_p10_1r.htm"/>
<file href="SCOs/DOCs/ObjectFiles/HTMLImport/ffc560d513dc97f3ad55b3974300319b_H85/topic_2/m01_t02_p10_2r.htm"/>
<file href="SCOs/DOCs/ObjectFiles/HTMLImport/ffc560d513dc97f3ad55b3974300319b_H85/topic_2/m01_t02_p10_3r.htm"/>
<file href="SCOs/DOCs/ObjectFiles/HTMLImport/ffc560d513dc97f3ad55b3974300319b_H85/topic_2/m01_t02_p15.htm"/>
<file href="SCOs/DOCs/ObjectFiles/HTMLImport/ffc560d513dc97f3ad55b3974300319b_H85/topic_2/m01_t02_p15_1r.htm"/>
<file href="SCOs/DOCs/ObjectFiles/HTMLImport/ffc560d513dc97f3ad55b3974300319b_H85/topic_2/m01_t02_p20.htm"/>
<file href="SCOs/DOCs/ObjectFiles/HTMLImport/ffc560d513dc97f3ad55b3974300319b_H85/topic_2/m01_t02_p20_1r.htm"/>
<file href="SCOs/DOCs/ObjectFiles/HTMLImport/ffc560d513dc97f3ad55b3974300319b_H85/topic_2/m01_t02_p20_2r.htm"/>
<file href="SCOs/DOCs/ObjectFiles/HTMLImport/ffc560d513dc97f3ad55b3974300319b_H85/topic_2/m01_t02_p20_3r.htm"/>
<file href="SCOs/DOCs/ObjectFiles/HTMLImport/ffc560d513dc97f3ad55b3974300319b_H85/topic_2/m01_t02_p25.htm"/>
<file href="SCOs/DOCs/ObjectFiles/HTMLImport/ffc560d513dc97f3ad55b3974300319b_H85/topic_2/m01_t02_p25_1r.htm"/>
<file href="SCOs/DOCs/ObjectFiles/HTMLImport/ffc560d513dc97f3ad55b3974300319b_H85/topic_2/m01_t02_p25_2r.htm"/>
<file href="SCOs/DOCs/ObjectFiles/HTMLImport/ffc560d513dc97f3ad55b3974300319b_H85/topic_2/m01_t02_p25_3r.htm"/>
<file href="SCOs/DOCs/ObjectFiles/HTMLImport/ffc560d513dc97f3ad55b3974300319b_H85/topic_2/systemTestOK_x.swf"/>
<file href="SCOs/DOCs/ObjectFiles/HTMLImport/ffc560d513dc97f3ad55b3974300319b_H85/universal_style_sheets/formatDemo.htm"/>
<file href="SCOs/DOCs/ObjectFiles/HTMLImport/ffc560d513dc97f3ad55b3974300319b_H85/universal_style_sheets/maas.css"/>
<file href="SCOs/DOCs/ObjectFiles/HTMLImport/ffc560d513dc97f3ad55b3974300319b_H86/ACAS_objectives.htm"/>
<file href="SCOs/DOCs/ObjectFiles/HTMLImport/ffc560d513dc97f3ad55b3974300319b_H86/activities/annunciations.swf"/>
<file href="SCOs/DOCs/ObjectFiles/HTMLImport/ffc560d513dc97f3ad55b3974300319b_H86/activities/atc_and_pilot_responsibilities.swf"/>
<file href="SCOs/DOCs/ObjectFiles/HTMLImport/ffc560d513dc97f3ad55b3974300319b_H86/activities/determining_sense.swf"/>
<file href="SCOs/DOCs/ObjectFiles/HTMLImport/ffc560d513dc97f3ad55b3974300319b_H86/activities/EFIS_displays.swf"/>
<file href="SCOs/DOCs/ObjectFiles/HTMLImport/ffc560d513dc97f3ad55b3974300319b_H86/activities/incident_01.swf"/>
<file href="SCOs/DOCs/ObjectFiles/HTMLImport/ffc560d513dc97f3ad55b3974300319b_H86/activities/incident_15.swf"/>
<file href="SCOs/DOCs/ObjectFiles/HTMLImport/ffc560d513dc97f3ad55b3974300319b_H86/activities/logic_and_tracking.swf"/>
<file href="SCOs/DOCs/ObjectFiles/HTMLImport/ffc560d513dc97f3ad55b3974300319b_H86/activities/phraseology.swf"/>
<file href="SCOs/DOCs/ObjectFiles/HTMLImport/ffc560d513dc97f3ad55b3974300319b_H86/activities/RA_coordination.swf"/>
<file href="SCOs/DOCs/ObjectFiles/HTMLImport/ffc560d513dc97f3ad55b3974300319b_H86/activities/RA_follow-up.swf"/>
<file href="SCOs/DOCs/ObjectFiles/HTMLImport/ffc560d513dc97f3ad55b3974300319b_H86/activities/responsibilities_extra.swf"/>
<file href="SCOs/DOCs/ObjectFiles/HTMLImport/ffc560d513dc97f3ad55b3974300319b_H86/activities/rvsm_ra_criteria_recap.swf"/>
<file href="SCOs/DOCs/ObjectFiles/HTMLImport/ffc560d513dc97f3ad55b3974300319b_H86/activities/rvsm_situation_1.swf"/>
<file href="SCOs/DOCs/ObjectFiles/HTMLImport/ffc560d513dc97f3ad55b3974300319b_H86/activities/rvsm_situation_2.swf"/>
<file href="SCOs/DOCs/ObjectFiles/HTMLImport/ffc560d513dc97f3ad55b3974300319b_H86/activities/sensitivity_level.swf"/>
<file href="SCOs/DOCs/ObjectFiles/HTMLImport/ffc560d513dc97f3ad55b3974300319b_H86/activities/sigifnicant_observed_problems.swf"/>
<file href="SCOs/DOCs/ObjectFiles/HTMLImport/ffc560d513dc97f3ad55b3974300319b_H86/activities/summary_topic_01.swf"/>
<file href="SCOs/DOCs/ObjectFiles/HTMLImport/ffc560d513dc97f3ad55b3974300319b_H86/activities/system_logic.swf"/>
<file href="SCOs/DOCs/ObjectFiles/HTMLImport/ffc560d513dc97f3ad55b3974300319b_H86/activities/tau.swf"/>
<file href="SCOs/DOCs/ObjectFiles/HTMLImport/ffc560d513dc97f3ad55b3974300319b_H86/activities/TCAS_overview.swf"/>
<file href="SCOs/DOCs/ObjectFiles/HTMLImport/ffc560d513dc97f3ad55b3974300319b_H86/activities/threat_detection.swf"/>
<file href="SCOs/DOCs/ObjectFiles/HTMLImport/ffc560d513dc97f3ad55b3974300319b_H86/activities/topic_01_keywords.swf"/>
<file href="SCOs/DOCs/ObjectFiles/HTMLImport/ffc560d513dc97f3ad55b3974300319b_H86/activities/topic_02_keywords.swf"/>
<file href="SCOs/DOCs/ObjectFiles/HTMLImport/ffc560d513dc97f3ad55b3974300319b_H86/activities/topic_02_summary.swf"/>
<file href="SCOs/DOCs/ObjectFiles/HTMLImport/ffc560d513dc97f3ad55b3974300319b_H86/activities/traffic_display_symbology.swf"/>
<file href="SCOs/DOCs/ObjectFiles/HTMLImport/ffc560d513dc97f3ad55b3974300319b_H86/activities/transponder_types.swf"/>
<file href="SCOs/DOCs/ObjectFiles/HTMLImport/ffc560d513dc97f3ad55b3974300319b_H86/activities/turbulence.swf"/>
<file href="SCOs/DOCs/ObjectFiles/HTMLImport/ffc560d513dc97f3ad55b3974300319b_H86/activities/what_is_ACAS.swf"/>
<file href="SCOs/DOCs/ObjectFiles/HTMLImport/ffc560d513dc97f3ad55b3974300319b_H86/activities/what_tcas_does.swf"/>
<file href="SCOs/DOCs/ObjectFiles/HTMLImport/ffc560d513dc97f3ad55b3974300319b_H86/blank.htm"/>
<file href="SCOs/DOCs/ObjectFiles/HTMLImport/ffc560d513dc97f3ad55b3974300319b_H86/centre_margin.htm"/>
<file href="SCOs/DOCs/ObjectFiles/HTMLImport/ffc560d513dc97f3ad55b3974300319b_H86/glossary/glossary.htm"/>
<file href="SCOs/DOCs/ObjectFiles/HTMLImport/ffc560d513dc97f3ad55b3974300319b_H86/glossary/glos_index.htm"/>
<file href="SCOs/DOCs/ObjectFiles/HTMLImport/ffc560d513dc97f3ad55b3974300319b_H86/graphics/acas_summary.jpg"/>
<file href="SCOs/DOCs/ObjectFiles/HTMLImport/ffc560d513dc97f3ad55b3974300319b_H86/graphics/background_css.gif"/>
<file href="SCOs/DOCs/ObjectFiles/HTMLImport/ffc560d513dc97f3ad55b3974300319b_H86/graphics/blob.gif"/>
<file href="SCOs/DOCs/ObjectFiles/HTMLImport/ffc560d513dc97f3ad55b3974300319b_H86/graphics/bullet_03p.gif"/>
<file href="SCOs/DOCs/ObjectFiles/HTMLImport/ffc560d513dc97f3ad55b3974300319b_H86/graphics/bullet_09p.gif"/>
<file href="SCOs/DOCs/ObjectFiles/HTMLImport/ffc560d513dc97f3ad55b3974300319b_H86/graphics/cs.gif"/>
<file href="SCOs/DOCs/ObjectFiles/HTMLImport/ffc560d513dc97f3ad55b3974300319b_H86/graphics/ecacmap.gif"/>
<file href="SCOs/DOCs/ObjectFiles/HTMLImport/ffc560d513dc97f3ad55b3974300319b_H86/graphics/ecacmap2.gif"/>
<file href="SCOs/DOCs/ObjectFiles/HTMLImport/ffc560d513dc97f3ad55b3974300319b_H86/graphics/mg.gif"/>
<file href="SCOs/DOCs/ObjectFiles/HTMLImport/ffc560d513dc97f3ad55b3974300319b_H86/graphics/module_objectives.gif"/>
<file href="SCOs/DOCs/ObjectFiles/HTMLImport/ffc560d513dc97f3ad55b3974300319b_H86/graphics/module_objectives_hl.gif"/>
<file href="SCOs/DOCs/ObjectFiles/HTMLImport/ffc560d513dc97f3ad55b3974300319b_H86/graphics/ms.gif"/>
<file href="SCOs/DOCs/ObjectFiles/HTMLImport/ffc560d513dc97f3ad55b3974300319b_H86/graphics/objectives_back_css.gif"/>
<file href="SCOs/DOCs/ObjectFiles/HTMLImport/ffc560d513dc97f3ad55b3974300319b_H86/graphics/objectives_back_css.jpg"/>
<file href="SCOs/DOCs/ObjectFiles/HTMLImport/ffc560d513dc97f3ad55b3974300319b_H86/graphics/responsibilities.jpg"/>
<file href="SCOs/DOCs/ObjectFiles/HTMLImport/ffc560d513dc97f3ad55b3974300319b_H86/graphics/ws_interface_background.gif"/>
<file href="SCOs/DOCs/ObjectFiles/HTMLImport/ffc560d513dc97f3ad55b3974300319b_H86/index.htm"/>
<file href="SCOs/DOCs/ObjectFiles/HTMLImport/ffc560d513dc97f3ad55b3974300319b_H86/media/Adjust_Vertical_Speed.mp3"/>
<file href="SCOs/DOCs/ObjectFiles/HTMLImport/ffc560d513dc97f3ad55b3974300319b_H86/media/Clear_Of_Conflict.mp3"/>
<file href="SCOs/DOCs/ObjectFiles/HTMLImport/ffc560d513dc97f3ad55b3974300319b_H86/media/Climb.mp3"/>
<file href="SCOs/DOCs/ObjectFiles/HTMLImport/ffc560d513dc97f3ad55b3974300319b_H86/media/Climb_Now.mp3"/>
<file href="SCOs/DOCs/ObjectFiles/HTMLImport/ffc560d513dc97f3ad55b3974300319b_H86/media/Crossing_Climb.mp3"/>
<file href="SCOs/DOCs/ObjectFiles/HTMLImport/ffc560d513dc97f3ad55b3974300319b_H86/media/Crossing_Descend.mp3"/>
<file href="SCOs/DOCs/ObjectFiles/HTMLImport/ffc560d513dc97f3ad55b3974300319b_H86/media/Descend.mp3"/>
<file href="SCOs/DOCs/ObjectFiles/HTMLImport/ffc560d513dc97f3ad55b3974300319b_H86/media/Descend_Now.mp3"/>
<file href="SCOs/DOCs/ObjectFiles/HTMLImport/ffc560d513dc97f3ad55b3974300319b_H86/media/Increase_Climb.mp3"/>
<file href="SCOs/DOCs/ObjectFiles/HTMLImport/ffc560d513dc97f3ad55b3974300319b_H86/media/Increase_Descent.mp3"/>
<file href="SCOs/DOCs/ObjectFiles/HTMLImport/ffc560d513dc97f3ad55b3974300319b_H86/media/Maintain_Crossing_Maintain.mp3"/>
<file href="SCOs/DOCs/ObjectFiles/HTMLImport/ffc560d513dc97f3ad55b3974300319b_H86/media/Maintain_Vertical_Speed.mp3"/>
<file href="SCOs/DOCs/ObjectFiles/HTMLImport/ffc560d513dc97f3ad55b3974300319b_H86/media/Monitor_Vertical_Speed.mp3"/>
<file href="SCOs/DOCs/ObjectFiles/HTMLImport/ffc560d513dc97f3ad55b3974300319b_H86/media/Tcas_System_Test_Fail.mp3"/>
<file href="SCOs/DOCs/ObjectFiles/HTMLImport/ffc560d513dc97f3ad55b3974300319b_H86/media/Tcas_System_Test_OK.mp3"/>
<file href="SCOs/DOCs/ObjectFiles/HTMLImport/ffc560d513dc97f3ad55b3974300319b_H86/media/Traffic.mp3"/>
<file href="SCOs/DOCs/ObjectFiles/HTMLImport/ffc560d513dc97f3ad55b3974300319b_H86/objectives.htm"/>
<file href="SCOs/DOCs/ObjectFiles/HTMLImport/ffc560d513dc97f3ad55b3974300319b_H86/scripts/AC_RunActiveContent.js"/>
<file href="SCOs/DOCs/ObjectFiles/HTMLImport/ffc560d513dc97f3ad55b3974300319b_H86/scripts/topicdefinition.js"/>
<file href="SCOs/DOCs/ObjectFiles/HTMLImport/ffc560d513dc97f3ad55b3974300319b_H86/topic_3/m01_t03_p00.htm"/>
<file href="SCOs/DOCs/ObjectFiles/HTMLImport/ffc560d513dc97f3ad55b3974300319b_H86/topic_3/m01_t03_p00_1r.htm"/>
<file href="SCOs/DOCs/ObjectFiles/HTMLImport/ffc560d513dc97f3ad55b3974300319b_H86/topic_3/m01_t03_p00_2r.htm"/>
<file href="SCOs/DOCs/ObjectFiles/HTMLImport/ffc560d513dc97f3ad55b3974300319b_H86/topic_3/m01_t03_p00_3r.htm"/>
<file href="SCOs/DOCs/ObjectFiles/HTMLImport/ffc560d513dc97f3ad55b3974300319b_H86/universal_style_sheets/formatDemo.htm"/>
<file href="SCOs/DOCs/ObjectFiles/HTMLImport/ffc560d513dc97f3ad55b3974300319b_H86/universal_style_sheets/maas.css"/>
<file href="SCOs/DOCs/ObjectFiles/HTMLImport/ffc560d513dc97f3ad55b3974300319b_H87/ACAS_objectives.htm"/>
<file href="SCOs/DOCs/ObjectFiles/HTMLImport/ffc560d513dc97f3ad55b3974300319b_H87/activities/annunciations.swf"/>
<file href="SCOs/DOCs/ObjectFiles/HTMLImport/ffc560d513dc97f3ad55b3974300319b_H87/activities/atc_and_pilot_responsibilities.swf"/>
<file href="SCOs/DOCs/ObjectFiles/HTMLImport/ffc560d513dc97f3ad55b3974300319b_H87/activities/determining_sense.swf"/>
<file href="SCOs/DOCs/ObjectFiles/HTMLImport/ffc560d513dc97f3ad55b3974300319b_H87/activities/EFIS_displays.swf"/>
<file href="SCOs/DOCs/ObjectFiles/HTMLImport/ffc560d513dc97f3ad55b3974300319b_H87/activities/incident_01.swf"/>
<file href="SCOs/DOCs/ObjectFiles/HTMLImport/ffc560d513dc97f3ad55b3974300319b_H87/activities/incident_15.swf"/>
<file href="SCOs/DOCs/ObjectFiles/HTMLImport/ffc560d513dc97f3ad55b3974300319b_H87/activities/logic_and_tracking.swf"/>
<file href="SCOs/DOCs/ObjectFiles/HTMLImport/ffc560d513dc97f3ad55b3974300319b_H87/activities/phraseology.swf"/>
<file href="SCOs/DOCs/ObjectFiles/HTMLImport/ffc560d513dc97f3ad55b3974300319b_H87/activities/RA_coordination.swf"/>
<file href="SCOs/DOCs/ObjectFiles/HTMLImport/ffc560d513dc97f3ad55b3974300319b_H87/activities/RA_follow-up.swf"/>
<file href="SCOs/DOCs/ObjectFiles/HTMLImport/ffc560d513dc97f3ad55b3974300319b_H87/activities/responsibilities_extra.swf"/>
<file href="SCOs/DOCs/ObjectFiles/HTMLImport/ffc560d513dc97f3ad55b3974300319b_H87/activities/rvsm_ra_criteria_recap.swf"/>
<file href="SCOs/DOCs/ObjectFiles/HTMLImport/ffc560d513dc97f3ad55b3974300319b_H87/activities/rvsm_situation_1.swf"/>
<file href="SCOs/DOCs/ObjectFiles/HTMLImport/ffc560d513dc97f3ad55b3974300319b_H87/activities/rvsm_situation_2.swf"/>
<file href="SCOs/DOCs/ObjectFiles/HTMLImport/ffc560d513dc97f3ad55b3974300319b_H87/activities/sensitivity_level.swf"/>
<file href="SCOs/DOCs/ObjectFiles/HTMLImport/ffc560d513dc97f3ad55b3974300319b_H87/activities/sigifnicant_observed_problems.swf"/>
<file href="SCOs/DOCs/ObjectFiles/HTMLImport/ffc560d513dc97f3ad55b3974300319b_H87/activities/summary_topic_01.swf"/>
<file href="SCOs/DOCs/ObjectFiles/HTMLImport/ffc560d513dc97f3ad55b3974300319b_H87/activities/system_logic.swf"/>
<file href="SCOs/DOCs/ObjectFiles/HTMLImport/ffc560d513dc97f3ad55b3974300319b_H87/activities/tau.swf"/>
<file href="SCOs/DOCs/ObjectFiles/HTMLImport/ffc560d513dc97f3ad55b3974300319b_H87/activities/TCAS_overview.swf"/>
<file href="SCOs/DOCs/ObjectFiles/HTMLImport/ffc560d513dc97f3ad55b3974300319b_H87/activities/threat_detection.swf"/>
<file href="SCOs/DOCs/ObjectFiles/HTMLImport/ffc560d513dc97f3ad55b3974300319b_H87/activities/topic_01_keywords.swf"/>
<file href="SCOs/DOCs/ObjectFiles/HTMLImport/ffc560d513dc97f3ad55b3974300319b_H87/activities/topic_02_keywords.swf"/>
<file href="SCOs/DOCs/ObjectFiles/HTMLImport/ffc560d513dc97f3ad55b3974300319b_H87/activities/topic_02_summary.swf"/>
<file href="SCOs/DOCs/ObjectFiles/HTMLImport/ffc560d513dc97f3ad55b3974300319b_H87/activities/traffic_display_symbology.swf"/>
<file href="SCOs/DOCs/ObjectFiles/HTMLImport/ffc560d513dc97f3ad55b3974300319b_H87/activities/transponder_types.swf"/>
<file href="SCOs/DOCs/ObjectFiles/HTMLImport/ffc560d513dc97f3ad55b3974300319b_H87/activities/turbulence.swf"/>
<file href="SCOs/DOCs/ObjectFiles/HTMLImport/ffc560d513dc97f3ad55b3974300319b_H87/activities/what_is_ACAS.swf"/>
<file href="SCOs/DOCs/ObjectFiles/HTMLImport/ffc560d513dc97f3ad55b3974300319b_H87/activities/what_tcas_does.swf"/>
<file href="SCOs/DOCs/ObjectFiles/HTMLImport/ffc560d513dc97f3ad55b3974300319b_H87/blank.htm"/>
<file href="SCOs/DOCs/ObjectFiles/HTMLImport/ffc560d513dc97f3ad55b3974300319b_H87/centre_margin.htm"/>
<file href="SCOs/DOCs/ObjectFiles/HTMLImport/ffc560d513dc97f3ad55b3974300319b_H87/diff.txt"/>
<file href="SCOs/DOCs/ObjectFiles/HTMLImport/ffc560d513dc97f3ad55b3974300319b_H87/glossary/glossary.htm"/>
<file href="SCOs/DOCs/ObjectFiles/HTMLImport/ffc560d513dc97f3ad55b3974300319b_H87/glossary/glos_index.htm"/>
<file href="SCOs/DOCs/ObjectFiles/HTMLImport/ffc560d513dc97f3ad55b3974300319b_H87/graphics/acas_summary.jpg"/>
<file href="SCOs/DOCs/ObjectFiles/HTMLImport/ffc560d513dc97f3ad55b3974300319b_H87/graphics/background_css.gif"/>
<file href="SCOs/DOCs/ObjectFiles/HTMLImport/ffc560d513dc97f3ad55b3974300319b_H87/graphics/blob.gif"/>
<file href="SCOs/DOCs/ObjectFiles/HTMLImport/ffc560d513dc97f3ad55b3974300319b_H87/graphics/bullet_03p.gif"/>
<file href="SCOs/DOCs/ObjectFiles/HTMLImport/ffc560d513dc97f3ad55b3974300319b_H87/graphics/bullet_09p.gif"/>
<file href="SCOs/DOCs/ObjectFiles/HTMLImport/ffc560d513dc97f3ad55b3974300319b_H87/graphics/cs.gif"/>
<file href="SCOs/DOCs/ObjectFiles/HTMLImport/ffc560d513dc97f3ad55b3974300319b_H87/graphics/ecacmap.gif"/>
<file href="SCOs/DOCs/ObjectFiles/HTMLImport/ffc560d513dc97f3ad55b3974300319b_H87/graphics/ecacmap2.gif"/>
<file href="SCOs/DOCs/ObjectFiles/HTMLImport/ffc560d513dc97f3ad55b3974300319b_H87/graphics/mg.gif"/>
<file href="SCOs/DOCs/ObjectFiles/HTMLImport/ffc560d513dc97f3ad55b3974300319b_H87/graphics/module_objectives.gif"/>
<file href="SCOs/DOCs/ObjectFiles/HTMLImport/ffc560d513dc97f3ad55b3974300319b_H87/graphics/module_objectives_hl.gif"/>
<file href="SCOs/DOCs/ObjectFiles/HTMLImport/ffc560d513dc97f3ad55b3974300319b_H87/graphics/ms.gif"/>
<file href="SCOs/DOCs/ObjectFiles/HTMLImport/ffc560d513dc97f3ad55b3974300319b_H87/graphics/objectives_back_css.gif"/>
<file href="SCOs/DOCs/ObjectFiles/HTMLImport/ffc560d513dc97f3ad55b3974300319b_H87/graphics/objectives_back_css.jpg"/>
<file href="SCOs/DOCs/ObjectFiles/HTMLImport/ffc560d513dc97f3ad55b3974300319b_H87/graphics/responsibilities.jpg"/>
<file href="SCOs/DOCs/ObjectFiles/HTMLImport/ffc560d513dc97f3ad55b3974300319b_H87/graphics/ws_interface_background.gif"/>
<file href="SCOs/DOCs/ObjectFiles/HTMLImport/ffc560d513dc97f3ad55b3974300319b_H87/index.htm"/>
<file href="SCOs/DOCs/ObjectFiles/HTMLImport/ffc560d513dc97f3ad55b3974300319b_H87/media/Adjust_Vertical_Speed.mp3"/>
<file href="SCOs/DOCs/ObjectFiles/HTMLImport/ffc560d513dc97f3ad55b3974300319b_H87/media/Clear_Of_Conflict.mp3"/>
<file href="SCOs/DOCs/ObjectFiles/HTMLImport/ffc560d513dc97f3ad55b3974300319b_H87/media/Climb.mp3"/>
<file href="SCOs/DOCs/ObjectFiles/HTMLImport/ffc560d513dc97f3ad55b3974300319b_H87/media/Climb_Now.mp3"/>
<file href="SCOs/DOCs/ObjectFiles/HTMLImport/ffc560d513dc97f3ad55b3974300319b_H87/media/Crossing_Climb.mp3"/>
<file href="SCOs/DOCs/ObjectFiles/HTMLImport/ffc560d513dc97f3ad55b3974300319b_H87/media/Crossing_Descend.mp3"/>
<file href="SCOs/DOCs/ObjectFiles/HTMLImport/ffc560d513dc97f3ad55b3974300319b_H87/media/Descend.mp3"/>
<file href="SCOs/DOCs/ObjectFiles/HTMLImport/ffc560d513dc97f3ad55b3974300319b_H87/media/Descend_Now.mp3"/>
<file href="SCOs/DOCs/ObjectFiles/HTMLImport/ffc560d513dc97f3ad55b3974300319b_H87/media/Increase_Climb.mp3"/>
<file href="SCOs/DOCs/ObjectFiles/HTMLImport/ffc560d513dc97f3ad55b3974300319b_H87/media/Increase_Descent.mp3"/>
<file href="SCOs/DOCs/ObjectFiles/HTMLImport/ffc560d513dc97f3ad55b3974300319b_H87/media/Maintain_Crossing_Maintain.mp3"/>
<file href="SCOs/DOCs/ObjectFiles/HTMLImport/ffc560d513dc97f3ad55b3974300319b_H87/media/Maintain_Vertical_Speed.mp3"/>
<file href="SCOs/DOCs/ObjectFiles/HTMLImport/ffc560d513dc97f3ad55b3974300319b_H87/media/Monitor_Vertical_Speed.mp3"/>
<file href="SCOs/DOCs/ObjectFiles/HTMLImport/ffc560d513dc97f3ad55b3974300319b_H87/media/Tcas_System_Test_Fail.mp3"/>
<file href="SCOs/DOCs/ObjectFiles/HTMLImport/ffc560d513dc97f3ad55b3974300319b_H87/media/Tcas_System_Test_OK.mp3"/>
<file href="SCOs/DOCs/ObjectFiles/HTMLImport/ffc560d513dc97f3ad55b3974300319b_H87/media/Traffic.mp3"/>
<file href="SCOs/DOCs/ObjectFiles/HTMLImport/ffc560d513dc97f3ad55b3974300319b_H87/objectives.htm"/>
<file href="SCOs/DOCs/ObjectFiles/HTMLImport/ffc560d513dc97f3ad55b3974300319b_H87/scripts/AC_RunActiveContent.js"/>
<file href="SCOs/DOCs/ObjectFiles/HTMLImport/ffc560d513dc97f3ad55b3974300319b_H87/scripts/topicdefinition.js"/>
<file href="SCOs/DOCs/ObjectFiles/HTMLImport/ffc560d513dc97f3ad55b3974300319b_H87/topic_4/m01_t04_p00.htm"/>
<file href="SCOs/DOCs/ObjectFiles/HTMLImport/ffc560d513dc97f3ad55b3974300319b_H87/topic_4/m01_t04_p00_1r.htm"/>
<file href="SCOs/DOCs/ObjectFiles/HTMLImport/ffc560d513dc97f3ad55b3974300319b_H87/topic_4/m01_t04_p00_2r.htm"/>
<file href="SCOs/DOCs/ObjectFiles/HTMLImport/ffc560d513dc97f3ad55b3974300319b_H87/topic_4/m01_t04_p05.htm"/>
<file href="SCOs/DOCs/ObjectFiles/HTMLImport/ffc560d513dc97f3ad55b3974300319b_H87/topic_4/m01_t04_p05_1r.htm"/>
<file href="SCOs/DOCs/ObjectFiles/HTMLImport/ffc560d513dc97f3ad55b3974300319b_H87/topic_4/m01_t04_p05_2r.htm"/>
<file href="SCOs/DOCs/ObjectFiles/HTMLImport/ffc560d513dc97f3ad55b3974300319b_H87/topic_4/m01_t04_p05_3r.htm"/>
<file href="SCOs/DOCs/ObjectFiles/HTMLImport/ffc560d513dc97f3ad55b3974300319b_H87/topic_4/m01_t04_p10.htm"/>
<file href="SCOs/DOCs/ObjectFiles/HTMLImport/ffc560d513dc97f3ad55b3974300319b_H87/topic_4/m01_t04_p10_1r.htm"/>
<file href="SCOs/DOCs/ObjectFiles/HTMLImport/ffc560d513dc97f3ad55b3974300319b_H87/topic_4/m01_t04_p10_2r.htm"/>
<file href="SCOs/DOCs/ObjectFiles/HTMLImport/ffc560d513dc97f3ad55b3974300319b_H87/topic_4/TCAS_incident_01.htm"/>
<file href="SCOs/DOCs/ObjectFiles/HTMLImport/ffc560d513dc97f3ad55b3974300319b_H87/topic_4/TCAS_incident_15.htm"/>
<file href="SCOs/DOCs/ObjectFiles/HTMLImport/ffc560d513dc97f3ad55b3974300319b_H87/universal_style_sheets/formatDemo.htm"/>
<file href="SCOs/DOCs/ObjectFiles/HTMLImport/ffc560d513dc97f3ad55b3974300319b_H87/universal_style_sheets/maas.css"/>
<file href="SCOs/DOCs/SlidePage.htm"/>
<file href="SCOs/DOCs/SoundApplet.htm"/>
<file href="SCOs/F10_RAL.js"/>
<file href="SCOs/F10_RAL_SCO_Player.htm"/>
<file href="SCOs/F10_RAL_Wrapper.htm"/>
<file href="SCOs/Glossary.htm"/>
<file href="SCOs/graphics/close.jpg"/>
<file href="SCOs/graphics/minus.gif"/>
<file href="SCOs/graphics/NavBar/background.gif"/>
<file href="SCOs/graphics/NavBar/blank.png"/>
<file href="SCOs/graphics/NavBar/file.png"/>
<file href="SCOs/graphics/NavBar/foldericon.png"/>
<file href="SCOs/graphics/NavBar/I.png"/>
<file href="SCOs/graphics/NavBar/L.png"/>
<file href="SCOs/graphics/NavBar/Lminus.png"/>
<file href="SCOs/graphics/NavBar/Lplus.png"/>
<file href="SCOs/graphics/NavBar/minus.png"/>
<file href="SCOs/graphics/NavBar/new.png"/>
<file href="SCOs/graphics/NavBar/openfoldericon.png"/>
<file href="SCOs/graphics/NavBar/plus.png"/>
<file href="SCOs/graphics/NavBar/Progress10.gif"/>
<file href="SCOs/graphics/NavBar/ProgressArrow.gif"/>
<file href="SCOs/graphics/NavBar/ProgressArrow.jpg"/>
<file href="SCOs/graphics/NavBar/ProgressBar.gif"/>
<file href="SCOs/graphics/NavBar/spacer.gif"/>
<file href="SCOs/graphics/NavBar/T.png"/>
<file href="SCOs/graphics/NavBar/Tminus.png"/>
<file href="SCOs/graphics/NavBar/Tplus.png"/>
<file href="SCOs/graphics/NavBar/user_nav_01.gif"/>
<file href="SCOs/graphics/NavBar/user_nav_02-over.gif"/>
<file href="SCOs/graphics/NavBar/user_nav_02.gif"/>
<file href="SCOs/graphics/NavBar/user_nav_03-over.gif"/>
<file href="SCOs/graphics/NavBar/user_nav_03.gif"/>
<file href="SCOs/graphics/NavBar/user_nav_04-over.gif"/>
<file href="SCOs/graphics/NavBar/user_nav_04.gif"/>
<file href="SCOs/graphics/NavBar/user_nav_05-over.gif"/>
<file href="SCOs/graphics/NavBar/user_nav_05.gif"/>
<file href="SCOs/graphics/NavBar/user_nav_06-over.gif"/>
<file href="SCOs/graphics/NavBar/user_nav_06.gif"/>
<file href="SCOs/graphics/NavBar/user_nav_07-over.gif"/>
<file href="SCOs/graphics/NavBar/user_nav_07.gif"/>
<file href="SCOs/graphics/NavBar/user_nav_08-over.gif"/>
<file href="SCOs/graphics/NavBar/user_nav_08.gif"/>
<file href="SCOs/graphics/NavBar/user_nav_09-over.gif"/>
<file href="SCOs/graphics/NavBar/user_nav_09.gif"/>
<file href="SCOs/graphics/NavBar/user_nav_10-over.gif"/>
<file href="SCOs/graphics/NavBar/user_nav_10.gif"/>
<file href="SCOs/graphics/NavBar/user_nav_11-over.gif"/>
<file href="SCOs/graphics/NavBar/user_nav_11.gif"/>
<file href="SCOs/graphics/NavBar/user_nav_12.gif"/>
<file href="SCOs/graphics/NavBar/user_nav_13-over.gif"/>
<file href="SCOs/graphics/NavBar/user_nav_13-user_nav_14_ove.gif"/>
<file href="SCOs/graphics/NavBar/user_nav_13.gif"/>
<file href="SCOs/graphics/NavBar/user_nav_14-over.gif"/>
<file href="SCOs/graphics/NavBar/user_nav_14-user_nav_13_ove.gif"/>
<file href="SCOs/graphics/NavBar/user_nav_14.gif"/>
<file href="SCOs/graphics/NavBar/user_nav_15-over.gif"/>
<file href="SCOs/graphics/NavBar/user_nav_15.gif"/>
<file href="SCOs/graphics/NavBar/user_nav_29.gif"/>
<file href="SCOs/graphics/play.png"/>
<file href="SCOs/graphics/plus.gif"/>
<file href="SCOs/graphics/transparent.gif"/>
<file href="SCOs/IANS2328.htm"/>
<file href="SCOs/IANS2329.htm"/>
<file href="SCOs/IANS2330.htm"/>
<file href="SCOs/IANS2331.htm"/>
<file href="SCOs/IANS3135.htm"/>
<file href="SCOs/IANS473.htm"/>
<file href="SCOs/images/audio.gif"/>
<file href="SCOs/images/playButton.png"/>
<file href="SCOs/Includes/BuildMedia.js"/>
<file href="SCOs/Includes/drag.js"/>
<file href="SCOs/Includes/dynlayer.js"/>
<file href="SCOs/Includes/ForceTen 2011.css"/>
<file href="SCOs/Includes/Images/0.01609600 1299693159.gif"/>
<file href="SCOs/Includes/Images/0.02946800 1299693203.gif"/>
<file href="SCOs/Includes/Images/0.06373800 1299693144.gif"/>
<file href="SCOs/Includes/Images/0.21834100 1299693176.gif"/>
<file href="SCOs/Includes/Images/0.46730400 1299693196.gif"/>
<file href="SCOs/Includes/Images/0.57979600 1299693135.gif"/>
<file href="SCOs/Includes/Images/0.71775200 1299693187.gif"/>
<file href="SCOs/Includes/Images/0.81467100 1299693125.gif"/>
<file href="SCOs/Includes/Images/0.98715200 1299693113.gif"/>
<file href="SCOs/Includes/JSUtils.js"/>
<file href="SCOs/Includes/K3.css"/>
<file href="SCOs/Includes/mouseevents.js"/>
<file href="SCOs/Includes/NextUnansweredQuestion.js"/>
<file href="SCOs/Includes/Softsim_SCORM_Wrapper.js"/>
<file href="SCOs/Includes/Standard.css"/>
<file href="SCOs/Includes/Tree.css"/>
<file href="SCOs/Includes/utf8.js"/>
<file href="SCOs/Indices/CourseIndex.htm"/>
<file href="SCOs/Indices/IANS2328.htm"/>
<file href="SCOs/Indices/IANS2329.htm"/>
<file href="SCOs/Indices/IANS2330.htm"/>
<file href="SCOs/Indices/IANS2331.htm"/>
<file href="SCOs/Indices/IANS3135.htm"/>
<file href="SCOs/Indices/IANS473.htm"/>
<file href="SCOs/Libraries_JS/ajax.js"/>
<file href="SCOs/Libraries_JS/browser.js"/>
<file href="SCOs/Libraries_JS/browserCookies.js"/>
<file href="SCOs/Libraries_JS/cluster.js"/>
<file href="SCOs/Libraries_JS/cover.js"/>
<file href="SCOs/Libraries_JS/datetime.js"/>
<file href="SCOs/Libraries_JS/flash.js"/>
<file href="SCOs/Libraries_JS/FTCookies.js"/>
<file href="SCOs/Libraries_JS/function_extensions.js"/>
<file href="SCOs/Libraries_JS/jquery/effects/jquery-1.6.2.min.js"/>
<file href="SCOs/Libraries_JS/jquery/effects/jquery-ui-1.8.16.custom.min.js"/>
<file href="SCOs/Libraries_JS/key_capture.js"/>
<file href="SCOs/Libraries_JS/media_player.js"/>
<file href="SCOs/Libraries_JS/modal.js"/>
<file href="SCOs/Libraries_JS/object_actions.js"/>
<file href="SCOs/Libraries_JS/page_link.js"/>
<file href="SCOs/Libraries_JS/panel.js"/>
<file href="SCOs/Libraries_JS/pause.js"/>
<file href="SCOs/Libraries_JS/POST_methods.js"/>
<file href="SCOs/Libraries_JS/toc.js"/>
<file href="SCOs/Libraries_JS/Transcript_Functions.js"/>
<file href="SCOs/Player/AnswerBuilder.js"/>
<file href="SCOs/Player/BBorder.htm"/>
<file href="SCOs/Player/Blank.htm"/>
<file href="SCOs/Player/CourseFunctions.htm"/>
<file href="SCOs/Player/CourseFunctions2.htm"/>
<file href="SCOs/Player/GetFBAnswer.htm"/>
<file href="SCOs/Player/GetMCAnswer.htm"/>
<file href="SCOs/Player/GetMXAnswer.htm"/>
<file href="SCOs/Player/GetTEAnswer.htm"/>
<file href="SCOs/Player/GetTFAnswer.htm"/>
<file href="SCOs/Player/Includes/BuildMedia.js"/>
<file href="SCOs/Player/Includes/Tree.css"/>
<file href="SCOs/Player/Includes/utf8.js"/>
<file href="SCOs/Player/Paging.htm"/>
<file href="SCOs/Player/print.js"/>
<file href="SCOs/Player/SCOIndex.htm"/>
<file href="SCOs/Player/SCOPlayer.htm"/>
<file href="SCOs/Player/SCOPlayerNavBar.htm"/>
<file href="SCOs/Player/SCORM_Functions.js"/>
<file href="SCOs/Player/SCORM_Objectives_Functions.js"/>
<file href="SCOs/Player/SoundApplet.htm"/>
<file href="SCOs/Player/TBorder.htm"/>
<file href="SCOs/QueryString.js"/>
<file href="SCOs/ResourceLinks.htm"/>
<file href="SCOs/SCOData/IANS2328.js"/>
<file href="SCOs/SCOData/IANS2329.js"/>
<file href="SCOs/SCOData/IANS2330.js"/>
<file href="SCOs/SCOData/IANS2331.js"/>
<file href="SCOs/SCOData/IANS3135.js"/>
<file href="SCOs/SCOData/IANS473.js"/>

</resource>
	</resources>
</manifest>
